"UA1=2101, UB1=2201, UC1=2301",A=1 B=2 C=3,,,M=1 F=2,,,,,,,

ID,GROUP,DATE,AGE,GENDER,MEMORIZATION,GRIT,TEAMWORK,DISCIPLINE,SELF ESTEEM,CREATIVITY,LANGUAGE

2101,1,1/10/17,10,1,,,,,,,

2102,1,1/10/17,10,2,,,,,,,

2103,1,1/10/17,10,2,2,2,3,5,2,2,2

2104,1,1/10/17,9,1,2,3,3,5,2,1,2

2105,1,1/10/17,11,1,2,3,3,3,2,2,2

2106,1,1/10/17,10,2,1,3,2,5,2,2,2

2107,1,1/10/17,10,2,,,,,,,

2108,1,1/10/17,8,1,,,,,,,

2109,1,1/10/17,8,2,2,3,2,5,2,2,2

2110,1,1/10/17,8,2,,,,,,,

2111,1,1/10/17,10,2,,,,,,,

2112,1,1/10/17,10,1,,,,,,,

2113,1,1/10/17,9,2,,,,,,,

2114,1,1/10/17,11,1,,,,,,,

2115,1,1/10/17,11,1,2,2,3,2,2,2,2

2116,1,1/10/17,11,1,2,3,3,5,2,1,2

2117,1,1/10/17,11,1,2,3,3,5,2,1,2

2118,1,1/10/17,9,1,,,,,,,

2119,1,1/10/17,7,2,,,,,,,

2120,1,1/10/17,10,1,2,3,3,5,2,2,2

2121,1,1/10/17,10,2,,,,,,,

2122,1,1/10/17,10,2,,,,,,,

2123,1,1/10/17,11,2,,,,,,,

2124,1,1/10/17,9,1,,,,,,,

2101,1,1/11/17,10,1,,,,,,,

2102,1,1/11/17,10,2,2,3,3,5,2,2,2

2103,1,1/11/17,10,2,2,3,3,5,2,2,2

2104,1,1/11/17,9,1,2,2,,5,2,2,

2105,1,1/11/17,11,1,,,,,,,

2106,1,1/11/17,10,2,,,,,,,

2107,1,1/11/17,10,2,2,3,3,5,2,2,2

2108,1,1/11/17,8,1,,,,,,,

2109,1,1/11/17,8,2,2,3,3,3,2,2,2

2110,1,1/11/17,8,2,2,3,3,2,2,2,2

2111,1,1/11/17,10,2,,,,,,,

2112,1,1/11/17,10,1,,,,,,,

2113,1,1/11/17,9,2,2,3,3,5,2,2,3

2114,1,1/11/17,11,1,,,,,,,

2115,1,1/11/17,11,1,2,3,3,3,2,2,2

2116,1,1/11/17,11,1,2,3,1,2,2,2,2

2117,1,1/11/17,11,1,2,3,3,4,2,2,2

2118,1,1/11/17,9,1,,,,,,,

2119,1,1/11/17,7,2,,,,,,,

2120,1,1/11/17,10,1,2,3,3,5,2,2,2

2121,1,1/11/17,10,2,1,2,,4,,,2

2122,1,1/11/17,10,2,,,,,,,

2123,1,1/11/17,11,2,,,,,,,

2124,1,1/11/17,9,1,,,,,,,

2101,1,1/12/17,10,1,,,,,,,

2102,1,1/12/17,10,2,2,3,3,5,2,3,3

2103,1,1/12/17,10,2,2,3,3,5,2,3,3

2104,1,1/12/17,9,1,2,2,3,5,2,2,3

2105,1,1/12/17,11,1,2,2,3,5,2,2,3

2106,1,1/12/17,10,2,2,3,3,5,2,2,2

2107,1,1/12/17,10,2,2,3,3,5,2,2,2

2108,1,1/12/17,8,1,1,2,2,1,2,2,1

2109,1,1/12/17,8,2,2,3,3,1,2,2,2

2110,1,1/12/17,8,2,2,3,3,2,2,2,2

2111,1,1/12/17,10,2,2,3,3,3,2,2,2

2112,1,1/12/17,10,1,2,3,3,2,2,2,3

2113,1,1/12/17,9,2,2,3,3,4,2,2,2

2114,1,1/12/17,11,1,2,2,3,5,2,2,3

2115,1,1/12/17,11,1,2,2,3,5,2,2,3

2116,1,1/12/17,11,1,2,2,2,5,2,2,3

2117,1,1/12/17,11,1,2,2,3,5,2,2,3

2118,1,1/12/17,9,1,2,2,3,3,2,2,1

2119,1,1/12/17,7,2,,,,,,,

2120,1,1/12/17,10,1,2,3,3,5,2,2,2

2121,1,1/12/17,10,2,1,2,,2,,,2

2122,1,1/12/17,10,2,2,3,3,5,2,2,2

2123,1,1/12/17,11,2,2,3,3,5,2,2,2

2124,1,1/12/17,9,1,2,3,3,5,2,2,2

2101,1,1/13/17,10,1,2,3,2,4,2,2,3

2102,1,1/13/17,10,2,3,4,3,5,4,3,5

2103,1,1/13/17,10,2,3,4,3,3,4,3,5

2104,1,1/13/17,9,1,2,3,3,4,2,2,3

2105,1,1/13/17,11,1,2,3,3,4,2,2,3

2106,1,1/13/17,10,2,2,3,3,5,3,2,3

2107,1,1/13/17,10,2,2,3,3,5,2,2,2

2108,1,1/13/17,8,1,1,2,2,1,2,2,1

2109,1,1/13/17,8,2,2,3,3,3,2,2,2

2110,1,1/13/17,8,2,2,2,3,2,,,2

2111,1,1/13/17,10,2,2,3,3,5,2,2,2

2112,1,1/13/17,10,1,2,3,3,2,2,2,3

2113,1,1/13/17,9,2,2,3,3,5,2,2,2

2114,1,1/13/17,11,1,2,3,3,4,2,2,3

2115,1,1/13/17,11,1,2,3,3,4,2,2,3

2116,1,1/13/17,11,1,2,3,3,4,2,2,3

2117,1,1/13/17,11,1,2,3,3,4,2,2,3

2118,1,1/13/17,9,1,1,2,1,1,2,2,1

2119,1,1/13/17,7,2,2,3,3,4,2,2,2

2120,1,1/13/17,10,1,2,3,3,5,2,,2

2121,1,1/13/17,10,2,2,2,,2,,,1

2122,1,1/13/17,10,2,3,4,4,5,2,2,5

2123,1,1/13/17,11,2,2,3,3,5,3,3,3

2124,1,1/13/17,9,1,2,3,3,5,2,2,3

2101,1,1/16/17,10,1,2,2,3,4,2,2,3

2102,1,1/16/17,10,2,2,4,3,5,2,2,3

2103,1,1/16/17,10,2,3,4,3,5,3,3,3

2104,1,1/16/17,9,1,2,3,3,4,2,2,3

2105,1,1/16/17,11,1,2,3,3,4,2,2,3

2106,1,1/16/17,10,2,,,,,,,

2107,1,1/16/17,10,2,2,4,3,5,3,3,2

2108,1,1/16/17,8,1,2,2,2,2,2,2,2

2109,1,1/16/17,8,2,2,2,,2,2,,2

2110,1,1/16/17,8,2,2,3,3,3,2,2,2

2111,1,1/16/17,10,2,2,2,,3,,2,2

2112,1,1/16/17,10,1,,,,,,,

2113,1,1/16/17,9,2,2,3,3,3,2,2,2

2114,1,1/16/17,11,1,,,,,,,

2115,1,1/16/17,11,1,2,3,3,4,2,2,3

2116,1,1/16/17,11,1,2,3,3,4,2,2,3

2117,1,1/16/17,11,1,2,3,3,5,2,2,3

2118,1,1/16/17,9,1,2,2,2,1,2,2,2

2119,1,1/16/17,7,2,,,,,,,

2120,1,1/16/17,10,1,2,3,3,5,2,2,3

2121,1,1/16/17,10,2,1,2,,2,,,2

2122,1,1/16/17,10,2,2,3,3,5,3,2,2

2123,1,1/16/17,11,2,2,3,2,5,2,2,2

2124,1,1/16/17,9,1,2,3,3,5,2,3,3

2101,1,1/17/17,10,1,2,2,3,5,2,3,3

2102,1,1/17/17,10,2,3,3,3,5,3,3,3

2103,1,1/17/17,10,2,3,4,3,5,3,3,3

2104,1,1/17/17,9,1,2,3,3,5,2,2,3

2105,1,1/17/17,11,1,2,3,3,4,2,2,3

2106,1,1/17/17,10,2,2,3,3,5,3,3,2

2107,1,1/17/17,10,2,2,3,3,5,2,3,3

2108,1,1/17/17,8,1,2,2,2,2,2,2,2

2109,1,1/17/17,8,2,2,3,3,5,2,3,2

2110,1,1/17/17,8,2,2,3,3,5,2,3,2

2111,1,1/17/17,10,2,3,3,3,5,3,3,3

2112,1,1/17/17,10,1,2,2,3,4,2,2,3

2113,1,1/17/17,9,2,2,3,3,5,2,3,2

2114,1,1/17/17,11,1,2,3,3,4,2,2,3

2115,1,1/17/17,11,1,2,3,3,5,2,2,3

2116,1,1/17/17,11,1,3,3,3,4,3,3,3

2117,1,1/17/17,11,1,2,2,3,5,2,2,3

2118,1,1/17/17,9,1,2,3,3,4,2,2,3

2119,1,1/17/17,7,2,,,,,,,

2120,1,1/17/17,10,1,2,3,3,5,2,2,2

2121,1,1/17/17,10,2,2,2,,2,,,2

2122,1,1/17/17,10,2,3,3,3,5,2,4,3

2123,1,1/17/17,11,2,2,3,3,5,2,3,3

2124,1,1/17/17,9,1,2,3,3,5,2,3,3

2101,1,1/18/17,10,1,2,3,3,5,2,2,3

2102,1,1/18/17,10,2,3,4,3,5,2,2,3

2103,1,1/18/17,10,2,,,,,,,

2104,1,1/18/17,9,1,2,3,3,5,2,2,2

2105,1,1/18/17,11,1,2,3,3,5,2,2,3

2106,1,1/18/17,10,2,,,,,,,

2107,1,1/18/17,10,2,,,,,,,

2108,1,1/18/17,8,1,2,2,2,2,2,2,2

2109,1,1/18/17,8,2,2,3,2,2,2,2,2

2110,1,1/18/17,8,2,2,2,2,2,2,2,2

2111,1,1/18/17,10,2,2,3,4,5,2,2,2

2112,1,1/18/17,10,1,2,3,3,3,2,2,3

2113,1,1/18/17,9,2,2,3,3,3,2,2,

2114,1,1/18/17,11,1,2,3,3,5,2,2,3

2115,1,1/18/17,11,1,2,3,3,4,2,2,3

2116,1,1/18/17,11,1,3,3,3,4,2,2,3

2117,1,1/18/17,11,1,2,3,3,5,2,2,3

2118,1,1/18/17,9,1,2,2,1,1,2,2,2

2119,1,1/18/17,7,2,2,3,3,3,2,2,2

2120,1,1/18/17,10,1,2,2,3,5,2,2,2

2121,1,1/18/17,10,2,2,3,3,2,2,2,2

2122,1,1/18/17,10,2,2,3,3,5,2,2,3

2123,1,1/18/17,11,2,2,2,3,5,2,2,3

2124,1,1/18/17,9,1,2,3,3,5,2,2,3

2101,1,1/19/17,10,1,3,3,3,4,2,3,3

2102,1,1/19/17,10,2,2,3,3,3,2,2,2

2103,1,1/19/17,10,2,2,3,,2,2,2,2

2104,1,1/19/17,9,1,2,3,3,4,2,2,3

2105,1,1/19/17,11,1,2,3,2,4,2,3,3

2106,1,1/19/17,10,2,,,,,,,

2107,1,1/19/17,10,2,,,,,,,

2108,1,1/19/17,8,1,2,2,2,1,2,2,2

2109,1,1/19/17,8,2,2,3,2,1,2,2,2

2110,1,1/19/17,8,2,2,3,2,1,2,2,2

2111,1,1/19/17,10,2,2,2,,3,,,2

2112,1,1/19/17,10,1,2,3,2,2,2,2,3

2113,1,1/19/17,9,2,3,4,2,2,2,3,2

2114,1,1/19/17,11,1,2,3,3,5,2,3,3

2115,1,1/19/17,11,1,2,3,2,4,2,2,3

2116,1,1/19/17,11,1,3,4,3,3,3,2,3

2117,1,1/19/17,11,1,3,3,2,4,2,2,3

2118,1,1/19/17,9,1,2,2,1,2,2,2,2

2119,1,1/19/17,7,2,2,3,3,5,2,2,2

2120,1,1/19/17,10,1,2,2,3,5,2,2,2

2121,1,1/19/17,10,2,1,2,1,2,,,2

2122,1,1/19/17,10,2,2,3,3,3,2,2,2

2123,1,1/19/17,11,2,2,3,3,5,2,2,2

2124,1,1/19/17,9,1,3,3,3,5,2,2,3

2101,1,1/20/17,10,1,3,3,4,4,2,2,3

2102,1,1/20/17,10,2,3,3,3,5,2,2,3

2103,1,1/20/17,10,2,2,3,3,5,2,2,3

2104,1,1/20/17,9,1,3,3,3,3,2,2,3

2105,1,1/20/17,11,1,3,3,4,3,2,3,3

2106,1,1/20/17,10,2,,,,,,,

2107,1,1/20/17,10,2,,,,,,,

2108,1,1/20/17,8,1,1,2,1,1,2,2,2

2109,1,1/20/17,8,2,3,3,3,2,2,2,2

2110,1,1/20/17,8,2,2,3,3,1,2,2,3

2111,1,1/20/17,10,2,2,3,3,2,2,2,2

2112,1,1/20/17,10,1,2,2,3,3,2,2,2

2113,1,1/20/17,9,2,2,3,3,3,2,2,2

2114,1,1/20/17,11,1,2,3,4,4,2,2,3

2115,1,1/20/17,11,1,3,3,4,3,2,2,3

2116,1,1/20/17,11,1,3,2,4,4,2,2,3

2117,1,1/20/17,11,1,2,3,3,3,2,2,3

2118,1,1/20/17,9,1,2,2,1,2,2,3,2

2119,1,1/20/17,7,2,,,,,,,

2120,1,1/20/17,10,1,,,,,,,

2121,1,1/20/17,10,2,2,3,3,2,2,2,2

2122,1,1/20/17,10,2,2,3,3,4,2,2,3

2123,1,1/20/17,11,2,2,3,3,4,2,2,3

2124,1,1/20/17,9,1,3,3,4,3,2,2,3

2101,1,1/23/17,10,1,3,3,,5,2,,3

2102,1,1/23/17,10,2,3,3,,5,2,,3

2103,1,1/23/17,10,2,2,2,,4,2,,3

2104,1,1/23/17,9,1,2,3,,4,2,,3

2105,1,1/23/17,11,1,2,3,,4,2,,3

2106,1,1/23/17,10,2,,,,,,,

2107,1,1/23/17,10,2,,,,,,,

2108,1,1/23/17,8,1,1,2,,1,2,,2

2109,1,1/23/17,8,2,2,3,,4,2,,2

2110,1,1/23/17,8,2,2,3,,2,2,,2

2111,1,1/23/17,10,2,2,2,,3,2,,2

2112,1,1/23/17,10,1,2,3,,2,2,,2

2113,1,1/23/17,9,2,2,3,,4,2,,2

2114,1,1/23/17,11,1,3,3,,4,2,,3

2115,1,1/23/17,11,1,3,3,,4,2,,3

2116,1,1/23/17,11,1,3,3,,1,2,,3

2117,1,1/23/17,11,1,2,3,,4,2,,3

2118,1,1/23/17,9,1,2,3,,2,2,,2

2119,1,1/23/17,7,2,,,,,,,

2120,1,1/23/17,10,1,2,2,,5,2,,2

2121,1,1/23/17,10,2,2,3,,3,2,,2

2122,1,1/23/17,10,2,2,3,,4,2,,3

2123,1,1/23/17,11,2,2,3,,5,2,,3

2124,1,1/23/17,9,1,3,3,,5,2,,3

2101,1,1/24/17,10,1,,,,,,,

2102,1,1/24/17,10,2,3,3,3,5,3,,4

2103,1,1/24/17,10,2,3,3,3,4,2,,3

2104,1,1/24/17,9,1,3,3,3,3,2,,3

2105,1,1/24/17,11,1,3,3,3,3,2,,3

2106,1,1/24/17,10,2,,,,,,,

2107,1,1/24/17,10,2,,,,,,,

2108,1,1/24/17,8,1,2,2,2,1,2,,2

2109,1,1/24/17,8,2,3,3,3,2,2,,3

2110,1,1/24/17,8,2,2,3,3,1,2,,3

2111,1,1/24/17,10,2,2,3,3,2,2,,2

2112,1,1/24/17,10,1,2,3,2,2,2,,2

2113,1,1/24/17,9,2,2,3,3,1,2,,2

2114,1,1/24/17,11,1,3,3,3,4,2,,3

2115,1,1/24/17,11,1,3,3,3,3,2,,3

2116,1,1/24/17,11,1,3,3,3,4,3,,3

2117,1,1/24/17,11,1,3,3,3,4,2,,3

2118,1,1/24/17,9,1,2,3,1,2,2,,2

2119,1,1/24/17,7,2,2,3,3,4,2,,2

2120,1,1/24/17,10,1,,,,,,,

2121,1,1/24/17,10,2,2,3,3,2,2,,2

2122,1,1/24/17,10,2,3,3,3,5,3,,3

2123,1,1/24/17,11,2,2,3,3,5,2,,3

2124,1,1/24/17,9,1,3,3,3,3,2,,3

2101,1,1/25/17,10,1,3,2,3,4,2,3,3

2102,1,1/25/17,10,2,3,4,3,3,2,2,3

2103,1,1/25/17,10,2,3,3,3,3,2,3,3

2104,1,1/25/17,9,1,3,3,4,4,2,3,3

2105,1,1/25/17,11,1,,,,,,,

2106,1,1/25/17,10,2,,,,,,,

2107,1,1/25/17,10,2,,,,,,,

2108,1,1/25/17,8,1,2,2,3,2,2,2,2

2109,1,1/25/17,8,2,3,3,3,2,2,3,3

2110,1,1/25/17,8,2,2,3,3,2,2,2,3

2111,1,1/25/17,10,2,2,3,4,2,2,3,2

2112,1,1/25/17,10,1,2,3,4,3,2,2,2

2113,1,1/25/17,9,2,2,3,3,2,2,2,2

2114,1,1/25/17,11,1,4,3,4,5,2,3,3

2115,1,1/25/17,11,1,4,4,4,3,2,3,3

2116,1,1/25/17,11,1,4,4,4,4,3,3,4

2117,1,1/25/17,11,1,4,4,4,4,2,3,3

2118,1,1/25/17,9,1,2,3,4,4,2,2,2

2119,1,1/25/17,7,2,2,3,4,2,2,2,2

2120,1,1/25/17,10,1,2,2,3,5,,2,

2121,1,1/25/17,10,2,2,3,3,2,2,2,2

2122,1,1/25/17,10,2,3,3,4,2,2,2,3

2123,1,1/25/17,11,2,2,3,3,3,2,2,3

2124,1,1/25/17,9,1,3,3,4,5,2,3,3

2101,1,1/27/17,10,1,3,3,4,3,2,3,3

2102,1,1/27/17,10,2,3,3,3,3,2,2,3

2103,1,1/27/17,10,2,,,,,,,

2104,1,1/27/17,9,1,3,3,4,2,2,3,3

2105,1,1/27/17,11,1,3,2,4,3,3,3,3

2106,1,1/27/17,10,2,,,,,,,

2107,1,1/27/17,10,2,3,3,3,5,2,2,2

2108,1,1/27/17,8,1,2,2,4,2,2,2,2

2109,1,1/27/17,8,2,3,3,3,2,2,2,2

2110,1,1/27/17,8,2,3,3,3,2,2,2,2

2111,1,1/27/17,10,2,2,3,2,2,2,2,2

2112,1,1/27/17,10,1,2,3,3,4,2,2,3

2113,1,1/27/17,9,2,,,,,,,

2114,1,1/27/17,11,1,4,4,4,5,4,3,3

2115,1,1/27/17,11,1,4,3,4,2,3,3,4

2116,1,1/27/17,11,1,4,4,4,3,4,3,4

2117,1,1/27/17,11,1,4,4,4,5,2,3,4

2118,1,1/27/17,9,1,2,3,4,5,2,2,3

2119,1,1/27/17,7,2,,,,,,,

2120,1,1/27/17,10,1,,,,,,,

2121,1,1/27/17,10,2,2,2,,2,,,2

2122,1,1/27/17,10,2,3,3,3,3,2,2,3

2123,1,1/27/17,11,2,2,3,3,3,2,2,3

2124,1,1/27/17,9,1,3,3,4,5,3,3,3

2101,1,1/30/17,10,1,,,,,,,

2102,1,1/30/17,10,2,3,3,4,5,3,3,4

2103,1,1/30/17,10,2,2,3,4,2,2,1,2

2104,1,1/30/17,9,1,3,3,4,4,2,2,3

2105,1,1/30/17,11,1,3,3,4,3,2,3,3

2106,1,1/30/17,10,2,,,,,,,

2107,1,1/30/17,10,2,,,,,,,

2108,1,1/30/17,8,1,2,2,2,2,2,2,2

2109,1,1/30/17,8,2,3,4,4,2,2,4,3

2110,1,1/30/17,8,2,3,3,4,2,2,4,3

2111,1,1/30/17,10,2,,2,4,5,,,3

2112,1,1/30/17,10,1,2,3,1,3,2,2,2

2113,1,1/30/17,9,2,2,3,4,5,2,4,2

2114,1,1/30/17,11,1,,,,,,,

2115,1,1/30/17,11,1,3,4,4,3,3,3,3

2116,1,1/30/17,11,1,4,4,4,4,4,3,4

2117,1,1/30/17,11,1,4,4,4,4,3,3,4

2118,1,1/30/17,9,1,2,3,1,4,2,2,2

2119,1,1/30/17,7,2,2,3,4,3,2,4,2

2120,1,1/30/17,10,1,,,,,,,

2121,1,1/30/17,10,2,,2,4,2,2,,2

2122,1,1/30/17,10,2,2,3,4,2,2,4,3

2123,1,1/30/17,11,2,2,3,4,3,3,4,3

2124,1,1/30/17,9,1,,,,,,,

2101,1,1/31/17,10,1,,,,,,,

2102,1,1/31/17,10,2,,,,,,,

2103,1,1/31/17,10,2,4,4,4,5,4,4,4

2104,1,1/31/17,9,1,3,3,3,4,2,2,3

2105,1,1/31/17,11,1,,,,,,,

2106,1,1/31/17,10,2,,,,,,,

2107,1,1/31/17,10,2,,,,,,,

2108,1,1/31/17,8,1,6,2,1,3,2,2,2

2109,1,1/31/17,8,2,4,4,4,4,4,4,4

2110,1,1/31/17,8,2,3,3,3,2,2,3,3

2111,1,1/31/17,10,2,3,3,3,5,4,3,4

2112,1,1/31/17,10,1,,,,,,,

2113,1,1/31/17,9,2,2,3,3,4,3,3,3

2114,1,1/31/17,11,1,3,2,1,3,3,2,3

2115,1,1/31/17,11,1,4,4,3,3,3,3,3

2116,1,1/31/17,11,1,4,4,4,4,4,3,4

2117,1,1/31/17,11,1,4,4,3,4,3,3,3

2118,1,1/31/17,9,1,2,2,1,2,2,2,2

2119,1,1/31/17,7,2,2,3,3,2,2,2,3

2120,1,1/31/17,10,1,,,,,,,

2121,1,1/31/17,10,2,,,,,,,

2122,1,1/31/17,10,2,3,3,3,5,3,3,4

2123,1,1/31/17,11,2,3,3,3,5,3,2,3

2124,1,1/31/17,9,1,,,,,,,

2101,1,2/1/17,10,1,,2,3,5,2,2,2

2102,1,2/1/17,10,2,,,,,,,

2103,1,2/1/17,10,2,3,3,1,2,2,2,2

2104,1,2/1/17,9,1,4,4,3,3,4,3,3

2105,1,2/1/17,11,1,,,,,,,

2106,1,2/1/17,10,2,,,,,,,

2107,1,2/1/17,10,2,,,,,,,

2108,1,2/1/17,8,1,2,2,1,1,2,3,2

2109,1,2/1/17,8,2,5,4,3,1,4,,3

2110,1,2/1/17,8,2,3,2,2,2,4,3,3

2111,1,2/1/17,10,2,3,4,3,5,3,3,4

2112,1,2/1/17,10,1,,,,,,,2

2113,1,2/1/17,9,2,2,3,3,2,2,3,3

2114,1,2/1/17,11,1,4,4,3,4,3,3,3

2115,1,2/1/17,11,1,4,4,3,3,3,3,3

2116,1,2/1/17,11,1,4,4,3,4,5,3,4

2117,1,2/1/17,11,1,4,4,3,4,3,3,3

2118,1,2/1/17,9,1,2,2,,1,2,,2

2119,1,2/1/17,7,2,,,,,,,

2120,1,2/1/17,10,1,,,,,,,

2121,1,2/1/17,10,2,2,2,,1,,,2

2122,1,2/1/17,10,2,4,4,3,5,3,3,3

2123,1,2/1/17,11,2,3,4,3,3,2,3,3

2124,1,2/1/17,9,1,,,,,,,

2101,1,2/2/17,10,1,3,2,3,4,3,2,3

2102,1,2/2/17,10,2,4,4,3,5,3,3,3

2103,1,2/2/17,10,2,4,4,3,5,3,4,2

2104,1,2/2/17,9,1,4,4,3,4,3,3,3

2105,1,2/2/17,11,1,,,,,,,

2106,1,2/2/17,10,2,,,,,,,

2107,1,2/2/17,10,2,,,,,,,

2108,1,2/2/17,8,1,2,2,2,2,2,2,2

2109,1,2/2/17,8,2,4,4,3,3,3,3,3

2110,1,2/2/17,8,2,4,3,3,2,2,3,2

2111,1,2/2/17,10,2,4,3,3,3,2,3,3

2112,1,2/2/17,10,1,2,2,3,3,2,2,2

2113,1,2/2/17,9,2,3,3,3,3,2,3,2

2114,1,2/2/17,11,1,,,,,,,

2115,1,2/2/17,11,1,4,4,3,4,3,3,3

2116,1,2/2/17,11,1,4,4,3,5,4,3,4

2117,1,2/2/17,11,1,4,4,3,5,3,3,4

2118,1,2/2/17,9,1,2,3,3,4,2,2,2

2119,1,2/2/17,7,2,2,3,3,3,2,2,3

2120,1,2/2/17,10,1,,,,,,,

2121,1,2/2/17,10,2,2,2,,2,,,2

2122,1,2/2/17,10,2,4,4,3,5,3,3,3

2123,1,2/2/17,11,2,3,4,3,5,3,3,3

2124,1,2/2/17,9,1,,,,,,,

2201,2,1/10/17,12,1,2,2,2,2,2,2,2

2202,2,1/10/17,14,2,2,3,2,5,2,2,2

2203,2,1/10/17,13,1,2,3,3,5,2,2,2

2204,2,1/10/17,13,1,2,3,3,5,2,2,2

2205,2,1/10/17,14,2,,,,,,,

2206,2,1/10/17,14,2,2,3,3,5,3,2,3

2207,2,1/10/17,13,2,1,2,3,5,1,2,2

2208,2,1/10/17,12,2,,,,,,,

2209,2,1/10/17,13,1,2,2,2,2,2,2,2

2210,2,1/10/17,14,2,,,,,,,

2211,2,1/10/17,13,1,,,,,,,

2212,2,1/10/17,14,2,2,3,3,5,2,2,1

2213,2,1/10/17,13,1,2,2,2,2,2,2,2

2214,2,1/10/17,13,1,1,2,3,2,1,2,2

2215,2,1/10/17,12,2,,,,,,,

2216,2,1/10/17,12,1,2,2,3,5,2,2,2

2217,2,1/10/17,14,2,2,3,3,5,3,2,3

2218,2,1/10/17,14,1,,,,,,,

2219,2,1/10/17,13,2,,,,,,,

2220,2,1/10/17,12,2,,,,,,,

2221,2,1/10/17,14,1,,,,,,,

2222,2,1/10/17,13,1,,,,,,,

2223,2,1/10/17,14,1,,,,,,,

2201,2,1/11/17,12,1,2,3,3,3,2,2,2

2202,2,1/11/17,14,2,2,3,3,5,3,3,3

2203,2,1/11/17,13,1,2,3,3,4,2,,3

2204,2,1/11/17,13,1,2,3,3,2,2,2,3

2205,2,1/11/17,14,2,2,3,3,5,2,2,2

2206,2,1/11/17,14,2,2,4,3,5,3,2,3

2208,2,1/11/17,12,2,2,3,2,5,2,2,2

2209,2,1/11/17,13,1,4,2,3,5,2,2,2

2210,2,1/11/17,14,2,2,3,3,5,2,2,2

2211,2,1/11/17,13,1,,,,,,,

2212,2,1/11/17,14,2,2,4,3,4,3,2,3

2213,2,1/11/17,13,1,2,3,3,5,2,2,2

2214,2,1/11/17,13,1,2,3,3,5,2,2,2

2215,2,1/11/17,12,2,2,3,3,5,3,2,2

2216,2,1/11/17,12,1,3,3,3,5,2,2,3

2217,2,1/11/17,14,2,2,3,3,5,3,2,4

2218,2,1/11/17,14,1,,,,,,,

2219,2,1/11/17,13,2,2,3,3,5,3,2,3

2220,2,1/11/17,12,2,,,,,,,

2221,2,1/11/17,14,1,,,,,,,

2222,2,1/11/17,13,1,,,,,,,

2223,2,1/11/17,14,1,,,,,,,

2201,2,1/12/17,12,1,2,3,2,3,2,2,2

2202,2,1/12/17,14,2,2,3,3,5,2,2,3

2203,2,1/12/17,13,1,2,3,3,4,2,2,3

2204,2,1/12/17,13,1,2,3,3,5,2,2,3

2205,2,1/12/17,14,2,,,,,,,

2206,2,1/12/17,14,2,3,4,3,5,4,4,5

2208,2,1/12/17,12,2,2,3,3,5,3,2,2

2209,2,1/12/17,13,1,2,3,3,5,2,2,3

2210,2,1/12/17,14,2,2,3,3,5,2,1,3

2211,2,1/12/17,13,1,2,3,3,5,2,2,2

2212,2,1/12/17,14,2,3,3,3,5,4,4,3

2213,2,1/12/17,13,1,2,3,3,5,2,2,2

2214,2,1/12/17,13,1,2,2,2,5,,,2

2215,2,1/12/17,12,2,2,3,3,5,2,1,1

2216,2,1/12/17,12,1,2,3,3,5,2,2,3

2217,2,1/12/17,14,2,3,4,3,5,4,3,5

2218,2,1/12/17,14,1,,,,,,,

2219,2,1/12/17,13,2,2,3,3,5,3,3,3

2220,2,1/12/17,12,2,,,,,,,

2221,2,1/12/17,14,1,,,,,,,

2222,2,1/12/17,13,1,2,2,3,3,2,2,2

2223,2,1/12/17,14,1,2,3,3,5,2,2,2

2201,2,1/13/17,12,1,2,3,2,3,2,2,3

2202,2,1/13/17,14,2,3,4,3,5,2,1,3

2203,2,1/13/17,13,1,2,3,3,4,2,2,3

2204,2,1/13/17,13,1,2,3,3,4,2,2,3

2205,2,1/13/17,14,2,2,3,4,5,2,2,2

2206,2,1/13/17,14,2,3,4,4,5,4,4,5

2208,2,1/13/17,12,2,2,3,4,5,3,2,2

2209,2,1/13/17,13,1,2,2,2,3,2,2,2

2210,2,1/13/17,14,2,,,,,,,

2211,2,1/13/17,13,1,2,3,3,4,2,2,3

2212,2,1/13/17,14,2,3,3,4,5,3,2,2

2213,2,1/13/17,13,1,2,3,3,5,2,2,3

2214,2,1/13/17,13,1,2,2,3,5,2,2,2

2215,2,1/13/17,12,2,3,4,4,5,3,3,2

2216,2,1/13/17,12,1,2,3,3,5,2,2,3

2217,2,1/13/17,14,2,3,4,4,5,4,4,5

2218,2,1/13/17,14,1,,,,,,,

2219,2,1/13/17,13,2,3,4,4,5,4,3,5

2220,2,1/13/17,12,2,,,,,,,

2221,2,1/13/17,14,1,2,3,3,5,2,2,3

2222,2,1/13/17,13,1,2,3,3,3,2,2,2

2223,2,1/13/17,14,1,,,,,,,

2201,2,1/16/17,12,1,2,3,3,3,2,3,2

2202,2,1/16/17,14,2,3,4,3,5,3,1,3

2203,2,1/16/17,13,1,3,3,3,4,2,3,3

2204,2,1/16/17,13,1,3,3,3,4,3,3,3

2205,2,1/16/17,14,2,,,,,,,

2206,2,1/16/17,14,2,3,4,3,5,3,3,3

2208,2,1/16/17,12,2,2,4,3,5,3,2,3

2209,2,1/16/17,13,1,2,3,3,4,2,2,2

2210,2,1/16/17,14,2,2,4,3,5,2,2,2

2211,2,1/16/17,13,1,,,,,,,

2212,2,1/16/17,14,2,2,4,3,5,2,2,3

2213,2,1/16/17,13,1,2,3,3,5,2,2,2

2214,2,1/16/17,13,1,2,3,3,5,2,2,2

2215,2,1/16/17,12,2,3,4,3,5,3,3,3

2216,2,1/16/17,12,1,2,2,3,5,2,3,3

2217,2,1/16/17,14,2,3,4,3,5,4,3,5

2218,2,1/16/17,14,1,,,,,,,

2219,2,1/16/17,13,2,3,4,3,5,2,1,5

2220,2,1/16/17,12,2,,,,,,,

2221,2,1/16/17,14,1,2,3,3,5,2,3,3

2222,2,1/16/17,13,1,2,3,3,5,2,2,2

2223,2,1/16/17,14,1,,,,,,,

2201,2,1/17/17,12,1,2,3,3,3,2,3,2

2202,2,1/17/17,14,2,3,4,3,5,3,3,4

2203,2,1/17/17,13,1,3,3,3,4,2,2,3

2204,2,1/17/17,13,1,2,3,3,5,2,3,3

2205,2,1/17/17,14,2,,,,,,,

2206,2,1/17/17,14,2,3,4,3,5,4,3,4

2208,2,1/17/17,12,2,3,3,3,5,3,2,3

2209,2,1/17/17,13,1,2,3,3,3,2,2,2

2210,2,1/17/17,14,2,2,3,3,5,3,2,3

2211,2,1/17/17,13,1,2,3,3,5,2,3,3

2212,2,1/17/17,14,2,3,3,3,5,3,3,3

2213,2,1/17/17,13,1,2,3,3,5,2,2,3

2214,2,1/17/17,13,1,2,3,3,4,2,2,3

2215,2,1/17/17,12,2,3,4,3,5,3,3,3

2216,2,1/17/17,12,1,2,3,3,5,2,2,3

2217,2,1/17/17,14,2,3,4,3,5,4,3,5

2218,2,1/17/17,14,1,,,,,,,

2219,2,1/17/17,13,2,3,4,3,5,3,3,4

2220,2,1/17/17,12,2,,,,,,,

2221,2,1/17/17,14,1,2,3,3,5,2,2,3

2222,2,1/17/17,13,1,2,3,3,5,2,2,3

2223,2,1/17/17,14,1,,,,,,,

2201,2,1/18/17,12,1,2,3,3,3,2,2,3

2202,2,1/18/17,14,2,3,4,3,5,3,2,3

2203,2,1/18/17,13,1,3,3,3,4,2,3,3

2204,2,1/18/17,13,1,3,3,3,4,2,3,3

2205,2,1/18/17,14,2,2,4,3,6,3,2,3

2206,2,1/18/17,14,2,3,4,3,5,4,3,3

2208,2,1/18/17,12,2,,,,,,,

2209,2,1/18/17,13,1,2,3,3,4,2,2,3

2210,2,1/18/17,14,2,2,4,3,5,3,2,3

2211,2,1/18/17,13,1,,,,,,,

2212,2,1/18/17,14,2,,,,,,,

2213,2,1/18/17,13,1,2,3,3,5,2,2,3

2214,2,1/18/17,13,1,2,3,3,4,2,2,2

2215,2,1/18/17,12,2,2,3,4,5,2,2,3

2216,2,1/18/17,12,1,3,3,3,5,2,2,3

2217,2,1/18/17,14,2,3,4,3,5,4,3,4

2218,2,1/18/17,14,1,,,,,,,

2219,2,1/18/17,13,2,3,4,3,5,4,3,4

2220,2,1/18/17,12,2,,,,,,,

2221,2,1/18/17,14,1,,,,,,,

2222,2,1/18/17,13,1,,,,,,,

2223,2,1/18/17,14,1,,,,,,,

2201,2,1/19/17,12,1,3,3,3,4,2,3,3

2202,2,1/19/17,14,2,3,2,,5,3,2,3

2203,2,1/19/17,13,1,3,3,3,4,2,3,3

2204,2,1/19/17,13,1,3,3,3,4,2,3,3

2205,2,1/19/17,14,2,2,4,3,5,3,3,3

2206,2,1/19/17,14,2,3,4,3,5,3,3,4

2208,2,1/19/17,12,2,2,3,3,5,2,3,2

2209,2,1/19/17,13,1,3,3,3,5,2,3,3

2210,2,1/19/17,14,2,3,4,3,5,3,3,3

2211,2,1/19/17,13,1,,,,,,,

2212,2,1/19/17,14,2,2,3,3,5,2,2,2

2213,2,1/19/17,13,1,3,3,3,5,2,2,3

2214,2,1/19/17,13,1,2,3,3,5,2,2,2

2215,2,1/19/17,12,2,3,3,3,5,2,3,2

2216,2,1/19/17,12,1,3,3,3,5,2,3,3

2217,2,1/19/17,14,2,3,4,3,5,3,3,4

2218,2,1/19/17,14,1,,,,,,,

2219,2,1/19/17,13,2,3,4,3,5,3,3,4

2220,2,1/19/17,12,2,,,,,,,

2221,2,1/19/17,14,1,,,,,,,

2222,2,1/19/17,13,1,,,,,,,

2223,2,1/19/17,14,1,,,,,,,

2201,2,1/20/17,12,1,3,3,4,3,2,3,3

2202,2,1/20/17,14,2,3,4,4,5,3,3,3

2203,2,1/20/17,13,1,3,3,4,4,2,2,3

2204,2,1/20/17,13,1,3,3,4,4,2,3,3

2205,2,1/20/17,14,2,3,3,3,5,2,2,3

2206,2,1/20/17,14,2,3,4,4,5,4,3,5

2208,2,1/20/17,12,2,2,3,4,5,3,3,2

2209,2,1/20/17,13,1,3,3,4,4,2,2,3

2210,2,1/20/17,14,2,3,3,3,5,3,2,3

2211,2,1/20/17,13,1,,,,,,,

2212,2,1/20/17,14,2,,,,,,,

2213,2,1/20/17,13,1,3,3,4,5,2,2,3

2214,2,1/20/17,13,1,,,,,,,

2215,2,1/20/17,12,2,3,3,3,5,2,2,3

2216,2,1/20/17,12,1,3,3,4,5,2,3,3

2217,2,1/20/17,14,2,3,4,4,5,4,3,5

2218,2,1/20/17,14,1,,,,,,,

2219,2,1/20/17,13,2,3,4,4,5,4,3,5

2220,2,1/20/17,12,2,2,3,3,3,2,2,2

2221,2,1/20/17,14,1,,2,,,,,

2222,2,1/20/17,13,1,2,3,3,3,2,2,2

2223,2,1/20/17,14,1,,,,,,,

2201,2,1/23/17,12,1,3,3,3,2,3,3,3

2202,2,1/23/17,14,2,3,4,4,5,3,2,5

2203,2,1/23/17,13,1,3,3,4,4,2,3,3

2204,2,1/23/17,13,1,3,3,3,4,2,3,3

2205,2,1/23/17,14,2,3,4,3,5,3,3,4

2206,2,1/23/17,14,2,4,5,4,5,4,4,5

2208,2,1/23/17,12,2,2,2,3,5,2,2,3

2209,2,1/23/17,13,1,3,3,4,3,2,3,3

2210,2,1/23/17,14,2,3,4,4,4,3,3,3

2211,2,1/23/17,13,1,,,,,,,

2212,2,1/23/17,14,2,,,,,,,

2213,2,1/23/17,13,1,3,3,4,5,2,3,3

2214,2,1/23/17,13,1,2,3,4,4,2,3,2

2215,2,1/23/17,12,2,3,3,4,5,2,2,3

2216,2,1/23/17,12,1,3,3,3,4,2,3,3

2217,2,1/23/17,14,2,4,4,4,4,3,4,4

2218,2,1/23/17,14,1,,,,,,,

2219,2,1/23/17,13,2,4,4,4,5,4,4,5

2220,2,1/23/17,12,2,2,2,2,5,2,,2

2221,2,1/23/17,14,1,2,3,2,4,2,2,2

2222,2,1/23/17,13,1,2,3,2,4,2,3,3

2223,2,1/23/17,14,1,,,,,,,

2201,2,1/24/17,12,1,4,4,3,2,3,3,4

2202,2,1/24/17,14,2,4,4,4,5,4,4,5

2203,2,1/24/17,13,1,3,4,3,3,2,3,3

2204,2,1/24/17,13,1,4,4,3,3,2,3,4

2205,2,1/24/17,14,2,4,5,3,5,3,4,4

2206,2,1/24/17,14,2,5,5,3,6,5,4,5

2208,2,1/24/17,12,2,2,3,3,5,2,2,2

2209,2,1/24/17,13,1,4,4,3,3,2,3,3

2210,2,1/24/17,14,2,4,4,3,5,3,4,5

2211,2,1/24/17,13,1,,,,,,,

2212,2,1/24/17,14,2,,,,,,,

2213,2,1/24/17,13,1,4,4,3,5,2,2,4

2214,2,1/24/17,13,1,2,3,2,4,2,2,2

2215,2,1/24/17,12,2,3,3,3,5,3,2,2

2216,2,1/24/17,12,1,4,4,3,5,2,3,3

2217,2,1/24/17,14,2,4,4,3,6,6,4,5

2218,2,1/24/17,14,1,,,,,,,

2219,2,1/24/17,13,2,4,4,3,4,4,4,5

2220,2,1/24/17,12,2,,,,,,,

2221,2,1/24/17,14,1,2,3,2,3,2,2,2

2222,2,1/24/17,13,1,2,3,3,4,2,2,2

2223,2,1/24/17,14,1,,,,,,,

2201,2,1/25/17,12,1,4,4,3,2,3,3,4

2202,2,1/25/17,14,2,4,4,3,5,3,3,5

2203,2,1/25/17,13,1,3,4,3,5,2,3,3

2204,2,1/25/17,13,1,3,4,3,4,2,3,3

2205,2,1/25/17,14,2,4,4,3,5,3,4,3

2206,2,1/25/17,14,2,4,4,3,5,3,3,3

2208,2,1/25/17,12,2,,,,,,,

2209,2,1/25/17,13,1,3,4,3,4,2,2,3

2210,2,1/25/17,14,2,4,4,3,5,3,4,4

2211,2,1/25/17,13,1,,,,,,,

2212,2,1/25/17,14,2,,,,,,,

2213,2,1/25/17,13,1,4,4,3,5,3,3,4

2214,2,1/25/17,13,1,3,3,3,4,2,2,3

2215,2,1/25/17,12,2,3,3,3,5,2,3,2

2216,2,1/25/17,12,1,2,2,3,5,2,3,3

2217,2,1/25/17,14,2,4,4,3,4,2,3,4

2218,2,1/25/17,14,1,,,,,,,

2219,2,1/25/17,13,2,3,4,3,4,3,4,5

2220,2,1/25/17,12,2,,,,,,,

2221,2,1/25/17,14,1,,,,,,,

2222,2,1/25/17,13,1,2,3,2,5,2,2,2

2223,2,1/25/17,14,1,,,,,,,

2201,2,1/27/17,12,1,4,4,3,3,5,3,4

2202,2,1/27/17,14,2,3,3,3,5,2,2,3

2203,2,1/27/17,13,1,3,4,3,2,3,3,3

2204,2,1/27/17,13,1,4,4,3,3,3,3,4

2205,2,1/27/17,14,2,4,4,3,5,3,2,3

2206,2,1/27/17,14,2,5,5,3,6,4,2,4

2208,2,1/27/17,12,2,2,3,3,5,2,2,2

2209,2,1/27/17,13,1,,,,,,,

2210,2,1/27/17,14,2,3,4,3,5,3,2,4

2211,2,1/27/17,13,1,,,,,,,

2212,2,1/27/17,14,2,,,,,,,

2213,2,1/27/17,13,1,4,4,3,5,3,3,3

2214,2,1/27/17,13,1,3,3,3,1,2,,2

2215,2,1/27/17,12,2,3,3,3,5,2,2,2

2216,2,1/27/17,12,1,3,2,3,3,3,3,3

2217,2,1/27/17,14,2,4,4,3,5,4,2,5

2218,2,1/27/17,14,1,,,,,,,

2219,2,1/27/17,13,2,4,4,3,5,2,2,3

2220,2,1/27/17,12,2,,,,,,,

2221,2,1/27/17,14,1,,,,,,,

2222,2,1/27/17,13,1,2,2,2,3,2,,2

2223,2,1/27/17,14,1,,,,,,,

2201,2,1/30/17,12,1,4,4,3,2,4,3,4

2202,2,1/30/17,14,2,4,4,4,5,3,2,3

2203,2,1/30/17,13,1,4,3,3,2,3,3,3

2204,2,1/30/17,13,1,3,4,3,2,3,3,3

2205,2,1/30/17,14,2,4,4,4,5,3,4,3

2206,2,1/30/17,14,2,5,5,4,5,5,4,5

2208,2,1/30/17,12,2,2,3,3,5,2,2,3

2209,2,1/30/17,13,1,4,3,3,4,2,3,3

2210,2,1/30/17,14,2,4,4,4,5,3,5,4

2211,2,1/30/17,13,1,,,,,,,

2212,2,1/30/17,14,2,,,,,,,

2213,2,1/30/17,13,1,3,3,3,5,3,3,3

2214,2,1/30/17,13,1,2,3,3,2,2,3,3

2215,2,1/30/17,12,2,4,3,4,4,3,3,3

2216,2,1/30/17,12,1,2,2,3,5,2,3,3

2217,2,1/30/17,14,2,5,4,4,4,4,3,5

2218,2,1/30/17,14,1,,,,,,,

2219,2,1/30/17,13,2,4,4,3,5,3,2,3

2220,2,1/30/17,12,2,,,,,,,

2221,2,1/30/17,14,1,2,3,3,3,2,2,2

2222,2,1/30/17,13,1,,,,,,,

2223,2,1/30/17,14,1,,,,,,,

2201,2,1/31/17,12,1,4,4,3,4,4,3,4

2202,2,1/31/17,14,2,4,4,3,4,3,2,4

2203,2,1/31/17,13,1,4,4,3,3,3,3,3

2204,2,1/31/17,13,1,4,4,3,4,4,3,3

2205,2,1/31/17,14,2,4,4,3,5,3,4,3

2206,2,1/31/17,14,2,3,4,2,5,4,4,5

2208,2,1/31/17,12,2,,,,,,,

2209,2,1/31/17,13,1,3,3,3,3,2,3,3

2210,2,1/31/17,14,2,4,4,3,4,4,4,4

2211,2,1/31/17,13,1,,,,,,,

2212,2,1/31/17,14,2,4,4,3,5,3,4,3

2213,2,1/31/17,13,1,4,3,3,3,3,3,3

2214,2,1/31/17,13,1,3,3,3,4,2,3,3

2215,2,1/31/17,12,2,3,3,3,4,3,2,3

2216,2,1/31/17,12,1,4,4,3,3,3,3,3

2217,2,1/31/17,14,2,4,4,3,4,3,2,5

2218,2,1/31/17,14,1,,,,,,,

2219,2,1/31/17,13,2,4,4,3,4,4,4,5

2220,2,1/31/17,12,2,,,,,,,

2221,2,1/31/17,14,1,,,,,,,

2222,2,1/31/17,13,1,2,3,2,4,2,3,2

2223,2,1/31/17,14,1,,,,,,,

2201,2,2/1/17,12,1,4,5,3,3,4,3,3

2202,2,2/1/17,14,2,4,4,3,4,3,3,3

2203,2,2/1/17,13,1,4,4,3,3,3,3,3

2204,2,2/1/17,13,1,4,4,3,3,3,3,3

2205,2,2/1/17,14,2,2,2,3,5,2,3,3

2206,2,2/1/17,14,2,4,4,3,4,3,3,3

2208,2,2/1/17,12,2,,,,,,,

2209,2,2/1/17,13,1,4,4,3,3,3,3,3

2210,2,2/1/17,14,2,4,4,3,4,3,3,3

2211,2,2/1/17,13,1,,,,,,,

2212,2,2/1/17,14,2,,,,,,,

2213,2,2/1/17,13,1,4,4,3,5,3,3,3

2214,2,2/1/17,13,1,3,4,3,4,3,3,2

2215,2,2/1/17,12,2,4,4,3,5,3,3,3

2216,2,2/1/17,12,1,3,2,3,5,3,3,2

2217,2,2/1/17,14,2,4,4,3,4,3,3,3

2218,2,2/1/17,14,1,,,,,,,

2219,2,2/1/17,13,2,4,4,3,4,3,3,3

2220,2,2/1/17,12,2,,,,,,,

2221,2,2/1/17,14,1,,,,,,,

2222,2,2/1/17,13,1,2,3,3,4,2,3,2

2223,2,2/1/17,14,1,,,,,,,

2201,2,2/2/17,12,1,,,,,,,

2202,2,2/2/17,14,2,,,,,,,

2203,2,2/2/17,13,1,,,,,,,

2204,2,2/2/17,13,1,,,,,,,

2205,2,2/2/17,14,2,,,,,,,

2206,2,2/2/17,14,2,SHOW PRACTICE,,,,,,

2208,2,2/2/17,12,2,,,,,,,

2209,2,2/2/17,13,1,,,,,,,

2210,2,2/2/17,14,2,,,,,,,

2211,2,2/2/17,13,1,,,,,,,

2212,2,2/2/17,14,2,,,,,,,

2213,2,2/2/17,13,1,,,,,,,

2214,2,2/2/17,13,1,,,,,,,

2215,2,2/2/17,12,2,,,,,,,

2216,2,2/2/17,12,1,,,,,,,

2217,2,2/2/17,14,2,,,,,,,

2218,2,2/2/17,14,1,,,,,,,

2219,2,2/2/17,13,2,,,,,,,

2220,2,2/2/17,12,2,,,,,,,

2221,2,2/2/17,14,1,,,,,,,

2222,2,2/2/17,13,1,,,,,,,

2223,2,2/2/17,14,1,,,,,,,

2301,3,1/10/17,16,2,2,3,3,5,3,2,3

2302,3,1/10/17,17,2,2,3,3,5,3,2,3

2303,3,1/10/17,17,2,,,,,,,

2304,3,1/10/17,16,2,2,3,3,5,2,2,2

2305,3,1/10/17,12,2,,,,,,,

2306,3,1/10/17,15,2,,,,,,,

2307,3,1/10/17,17,2,,,,,,,

2308,3,1/10/17,17,2,2,3,3,5,2,2,2

2309,3,1/10/17,15,1,2,3,3,5,2,2,2

2310,3,1/10/17,15,1,1,2,3,5,2,2,2

2311,3,1/10/17,16,1,2,3,3,4,2,2,2

2312,3,1/10/17,15,1,,,,,,,

2313,3,1/10/17,15,1,,,,,,,

2314,3,1/10/17,17,1,,,,,,,

2325,3,1/10/17,17,1,,,,,,,

2316,3,1/10/17,16,1,,,,,,,

2317,3,1/10/17,17,2,,,,,,,

2318,3,1/10/17,15,2,2,3,3,5,2,2,2

2319,3,1/10/17,15,2,,,,,,,

2320,3,1/10/17,15,2,,,,,,,

2321,3,1/10/17,15,2,,,,,,,

2322,3,1/10/17,15,2,,,,,,,

2323,3,1/10/17,15,1,,,,,,,

2324,3,1/10/17,15,1,,,,,,,

2325,3,1/10/17,17,1,2,3,3,5,2,2,2

2326,3,1/10/17,17,1,2,3,3,5,2,2,2

2327,3,1/10/17,15,2,2,3,3,5,2,2,2

2328,3,1/10/17,15,2,,,,,,,

2329,3,1/10/17,15,2,,,,,,,

2301,3,1/11/17,16,2,2,3,3,5,2,2,2

2302,3,1/11/17,17,2,2,3,3,5,2,2,2

2303,3,1/11/17,17,2,2,3,3,5,2,1,2

2304,3,1/11/17,16,2,2,2,2,4,2,,2

2305,3,1/11/17,12,2,2,3,3,5,2,2,3

2306,3,1/11/17,15,2,2,3,3,5,2,1,2

2307,3,1/11/17,17,2,3,4,3,5,4,2,5

2308,3,1/11/17,17,2,2,3,3,5,2,2,2

2309,3,1/11/17,15,1,2,3,3,5,3,3,2

2310,3,1/11/17,15,1,2,3,3,5,2,2,2

2311,3,1/11/17,16,1,2,3,3,3,2,2,2

2312,3,1/11/17,15,1,2,3,3,4,2,2,2

2313,3,1/11/17,15,1,2,3,3,5,2,2,2

2314,3,1/11/17,17,1,2,2,3,4,2,2,2

2325,3,1/11/17,17,1,2,2,3,5,2,2,2

2316,3,1/11/17,16,1,2,3,3,4,2,2,3

2317,3,1/11/17,17,2,2,3,3,5,3,2,3

2318,3,1/11/17,15,2,2,4,3,5,4,2,3

2319,3,1/11/17,15,2,2,3,3,5,2,1,2

2320,3,1/11/17,15,2,3,3,3,5,2,3,2

2321,3,1/11/17,15,2,2,3,3,5,2,3,2

2322,3,1/11/17,15,2,2,3,3,5,2,2,2

2323,3,1/11/17,15,1,2,2,3,5,2,2,2

2324,3,1/11/17,15,1,2,3,3,5,2,2,2

2325,3,1/11/17,17,1,2,3,3,5,2,2,2

2326,3,1/11/17,17,1,2,3,3,5,2,2,3

2327,3,1/11/17,15,2,2,4,3,5,4,3,2

2328,3,1/11/17,15,2,2,3,3,5,3,2,3

2329,3,1/11/17,15,2,,,,,,,

2301,3,1/12/17,16,2,2,3,3,5,3,3,2

2302,3,1/12/17,17,2,2,4,3,5,3,2,3

2303,3,1/12/17,17,2,2,3,3,5,2,2,2

2304,3,1/12/17,16,2,2,3,3,5,2,2,2

2305,3,1/12/17,12,2,2,3,3,5,3,2,3

2306,3,1/12/17,15,2,2,3,3,5,3,3,2

2307,3,1/12/17,17,2,3,3,3,5,3,2,4

2308,3,1/12/17,17,2,2,3,3,5,3,3,4

2309,3,1/12/17,15,1,2,3,3,5,3,3,2

2310,3,1/12/17,15,1,,,,,,,

2311,3,1/12/17,16,1,2,3,3,4,2,2,2

2312,3,1/12/17,15,1,2,3,3,4,2,2,2

2313,3,1/12/17,15,1,2,3,3,4,2,2,2

2314,3,1/12/17,17,1,2,3,3,4,2,2,2

2325,3,1/12/17,17,1,2,3,3,5,2,2,2

2316,3,1/12/17,16,1,,,,,,,

2317,3,1/12/17,17,2,2,4,3,5,3,3,2

2318,3,1/12/17,15,2,3,4,3,5,4,3,4

2319,3,1/12/17,15,2,,,,,,,

2320,3,1/12/17,15,2,2,3,3,5,2,2,2

2321,3,1/12/17,15,2,2,3,3,5,2,2,2

2322,3,1/12/17,15,2,3,3,3,5,2,2,2

2323,3,1/12/17,15,1,2,3,3,5,2,2,2

2324,3,1/12/17,15,1,2,2,3,5,2,2,2

2325,3,1/12/17,17,1,2,3,3,5,2,2,3

2326,3,1/12/17,17,1,2,3,3,5,2,2,3

2327,3,1/12/17,15,2,2,4,3,5,3,2,2

2328,3,1/12/17,15,2,2,3,3,5,3,2,2

2329,3,1/12/17,15,2,3,4,3,5,4,3,4

2301,3,1/13/17,16,2,3,4,4,5,3,3,3

2302,3,1/13/17,17,2,3,4,4,5,4,2,5

2303,3,1/13/17,17,2,2,3,4,5,2,2,2

2304,3,1/13/17,16,2,2,3,4,5,3,3,3

2305,3,1/13/17,12,2,3,4,4,5,2,3,2

2306,3,1/13/17,15,2,2,3,4,5,3,2,3

2307,3,1/13/17,17,2,3,3,4,5,3,2,3

2308,3,1/13/17,17,2,3,3,4,5,3,3,4

2309,3,1/13/17,15,1,3,4,4,5,3,3,3

2310,3,1/13/17,15,1,2,3,3,5,2,2,2

2311,3,1/13/17,16,1,2,3,3,4,2,2,2

2312,3,1/13/17,15,1,2,3,3,4,2,2,3

2313,3,1/13/17,15,1,2,3,3,4,2,2,2

2314,3,1/13/17,17,1,2,3,3,4,2,2,2

2325,3,1/13/17,17,1,2,2,3,5,2,2,2

2316,3,1/13/17,16,1,2,2,2,4,2,2,2

2317,3,1/13/17,17,2,2,3,4,5,3,3,3

2318,3,1/13/17,15,2,3,4,4,5,4,3,5

2319,3,1/13/17,15,2,2,4,3,5,3,2,3

2320,3,1/13/17,15,2,3,4,4,5,4,3,5

2321,3,1/13/17,15,2,2,4,4,5,3,3,3

2322,3,1/13/17,15,2,,,,,,,

2323,3,1/13/17,15,1,2,3,3,5,2,2,2

2324,3,1/13/17,15,1,2,2,3,5,2,2,2

2325,3,1/13/17,17,1,2,3,3,5,2,2,3

2326,3,1/13/17,17,1,2,3,3,5,2,2,3

2327,3,1/13/17,15,2,2,3,4,5,3,2,3

2328,3,1/13/17,15,2,3,4,4,5,3,3,5

2329,3,1/13/17,15,2,3,4,4,5,4,3,5

2301,3,1/16/17,16,2,2,3,3,5,2,2,2

2302,3,1/16/17,17,2,3,4,3,5,3,2,2

2303,3,1/16/17,17,2,2,3,3,5,2,2,2

2304,3,1/16/17,16,2,,,,,,,

2305,3,1/16/17,12,2,3,4,3,5,3,2,3

2306,3,1/16/17,15,2,2,3,3,5,2,2,1

2307,3,1/16/17,17,2,3,4,3,5,2,2,4

2308,3,1/16/17,17,2,2,3,3,5,2,2,2

2309,3,1/16/17,15,1,3,4,4,5,3,3,4

2310,3,1/16/17,15,1,2,3,4,5,2,2,2

2311,3,1/16/17,16,1,,,,,,,

2312,3,1/16/17,15,1,2,3,4,5,2,3,3

2313,3,1/16/17,15,1,2,3,3,3,2,2,3

2314,3,1/16/17,17,1,,,,,,,

2325,3,1/16/17,17,1,2,3,3,5,2,3,2

2316,3,1/16/17,16,1,,,,,,,

2317,3,1/16/17,17,2,2,3,3,5,2,2,2

2318,3,1/16/17,15,2,3,4,3,5,3,2,5

2319,3,1/16/17,15,2,,,,,,,

2320,3,1/16/17,15,2,,,,,,,

2321,3,1/16/17,15,2,,,,,,,

2322,3,1/16/17,15,2,,,,,,,

2323,3,1/16/17,15,1,2,3,3,5,2,2,3

2324,3,1/16/17,15,1,2,3,4,5,2,2,2

2325,3,1/16/17,17,1,2,3,3,3,2,2,3

2326,3,1/16/17,17,1,2,3,4,5,2,3,3

2327,3,1/16/17,15,2,,,,,,,

2328,3,1/16/17,15,2,3,4,3,5,3,2,4

2329,3,1/16/17,15,2,3,4,3,5,2,2,4

2301,3,1/17/17,16,2,,,,,,,

2302,3,1/17/17,17,2,3,4,4,5,3,3,3

2303,3,1/17/17,17,2,3,3,4,5,3,3,3

2304,3,1/17/17,16,2,3,3,3,5,4,3,3

2305,3,1/17/17,12,2,3,4,3,5,3,3,3

2306,3,1/17/17,15,2,3,3,3,5,2,3,3

2307,3,1/17/17,17,2,4,4,4,5,4,3,5

2308,3,1/17/17,17,2,2,3,3,5,2,3,3

2309,3,1/17/17,15,1,4,4,4,5,4,3,5

2310,3,1/17/17,15,1,,,,,,,

2311,3,1/17/17,16,1,2,3,4,5,2,3,2

2312,3,1/17/17,15,1,2,3,4,4,2,3,3

2313,3,1/17/17,15,1,2,3,4,5,2,3,2

2314,3,1/17/17,17,1,3,3,4,5,2,3,2

2325,3,1/17/17,17,1,2,3,4,5,2,3,3

2316,3,1/17/17,16,1,,,,,,,

2317,3,1/17/17,17,2,3,4,3,5,3,3,3

2318,3,1/17/17,15,2,,,,,,,

2319,3,1/17/17,15,2,,,,,,,

2320,3,1/17/17,15,2,,,,,,,

2321,3,1/17/17,15,2,,,,,,,

2322,3,1/17/17,15,2,2,3,3,5,3,3,3

2323,3,1/17/17,15,1,3,3,4,5,2,3,3

2324,3,1/17/17,15,1,2,3,4,5,2,3,2

2325,3,1/17/17,17,1,2,3,4,5,2,5,3

2326,3,1/17/17,17,1,,,,,,,

2327,3,1/17/17,15,2,2,3,4,5,3,3,3

2328,3,1/17/17,15,2,3,4,4,5,3,3,5

2329,3,1/17/17,15,2,3,4,4,5,4,3,3

2301,3,1/18/17,16,2,,,,,,,

2302,3,1/18/17,17,2,3,3,3,5,2,2,3

2303,3,1/18/17,17,2,2,3,3,5,2,2,2

2304,3,1/18/17,16,2,2,3,3,5,2,2,2

2305,3,1/18/17,12,2,3,4,3,5,3,2,3

2306,3,1/18/17,15,2,,1,,,,,

2307,3,1/18/17,17,2,3,2,3,5,2,2,3

2308,3,1/18/17,17,2,2,3,3,5,2,2,2

2309,3,1/18/17,15,1,3,4,3,5,3,2,3

2310,3,1/18/17,15,1,2,3,3,5,2,2,3

2311,3,1/18/17,16,1,2,3,3,4,2,2,1

2312,3,1/18/17,15,1,2,3,3,4,2,2,3

2313,3,1/18/17,15,1,2,3,3,5,2,3,2

2314,3,1/18/17,17,1,2,3,3,4,2,2,3

2325,3,1/18/17,17,1,2,3,3,5,2,3,3

2316,3,1/18/17,16,1,2,2,3,4,2,2,3

2317,3,1/18/17,17,2,2,3,3,5,2,2,2

2318,3,1/18/17,15,2,,1,,,,,

2319,3,1/18/17,15,2,2,3,3,4,2,2,2

2320,3,1/18/17,15,2,3,4,3,5,2,,2

2321,3,1/18/17,15,2,2,3,3,6,2,,2

2322,3,1/18/17,15,2,2,3,3,5,2,2,2

2323,3,1/18/17,15,1,3,3,3,5,2,2,3

2324,3,1/18/17,15,1,3,3,3,5,2,2,3

2325,3,1/18/17,17,1,3,3,3,5,2,3,3

2326,3,1/18/17,17,1,3,3,3,5,2,3,3

2327,3,1/18/17,15,2,2,3,3,5,3,2,2

2328,3,1/18/17,15,2,3,4,2,5,3,2,3

2329,3,1/18/17,15,2,3,4,3,4,3,2,3

2301,3,1/19/17,16,2,2,3,4,5,3,2,3

2302,3,1/19/17,17,2,3,4,4,5,3,3,3

2303,3,1/19/17,17,2,2,2,,5,,,2

2304,3,1/19/17,16,2,2,2,,5,,,2

2305,3,1/19/17,12,2,3,2,4,5,2,2,3

2306,3,1/19/17,15,2,2,3,3,5,2,2,2

2307,3,1/19/17,17,2,3,2,,5,,,3

2308,3,1/19/17,17,2,2,3,2,5,2,2,2

2309,3,1/19/17,15,1,3,2,,5,,,4

2310,3,1/19/17,15,1,2,3,4,5,2,2,3

2311,3,1/19/17,16,1,,,,,,,

2312,3,1/19/17,15,1,,,,,,,

2313,3,1/19/17,15,1,2,3,4,5,3,2,2

2314,3,1/19/17,17,1,,,,,,,

2325,3,1/19/17,17,1,3,3,4,5,2,2,3

2316,3,1/19/17,16,1,2,2,1,2,2,2,3

2317,3,1/19/17,17,2,3,3,3,5,2,3,3

2318,3,1/19/17,15,2,2,3,3,5,2,2,2

2319,3,1/19/17,15,2,2,3,2,5,2,2,2

2320,3,1/19/17,15,2,,,,,,,

2321,3,1/19/17,15,2,,,,,,,

2322,3,1/19/17,15,2,2,3,3,4,2,2,2

2323,3,1/19/17,15,1,3,3,4,5,2,2,3

2324,3,1/19/17,15,1,2,3,4,5,2,2,3

2325,3,1/19/17,17,1,3,3,4,5,2,3,3

2326,3,1/19/17,17,1,3,3,4,5,2,3,3

2327,3,1/19/17,15,2,3,3,3,5,3,2,3

2328,3,1/19/17,15,2,3,4,4,5,3,3,3

2329,3,1/19/17,15,2,3,4,3,5,3,2,3

2301,3,1/20/17,16,2,2,3,3,5,2,2,3

2302,3,1/20/17,17,2,3,4,4,5,3,3,4

2303,3,1/20/17,17,2,2,3,3,5,2,2,2

2304,3,1/20/17,16,2,2,3,3,5,2,2,2

2305,3,1/20/17,12,2,3,4,3,5,3,3,3

2306,3,1/20/17,15,2,2,3,3,5,2,3,2

2307,3,1/20/17,17,2,3,4,3,4,2,2,4

2308,3,1/20/17,17,2,3,3,3,5,2,2,3

2309,3,1/20/17,15,1,3,3,3,5,3,2,3

2310,3,1/20/17,15,1,2,3,3,4,2,2,3

2311,3,1/20/17,16,1,2,2,,4,,,2

2312,3,1/20/17,15,1,2,3,3,4,2,3,3

2313,3,1/20/17,15,1,2,3,3,5,2,2,2

2314,3,1/20/17,17,1,2,3,3,4,2,2,2

2325,3,1/20/17,17,1,2,3,3,5,2,3,2

2316,3,1/20/17,16,1,,,,,,,

2317,3,1/20/17,17,2,2,3,3,5,2,2,3

2318,3,1/20/17,15,2,3,3,3,5,2,3,4

2319,3,1/20/17,15,2,3,4,3,5,3,3,3

2320,3,1/20/17,15,2,3,4,3,4,3,3,3

2321,3,1/20/17,15,2,2,3,3,4,2,2,3

2322,3,1/20/17,15,2,2,3,3,5,2,3,3

2323,3,1/20/17,15,1,3,3,3,5,2,3,3

2324,3,1/20/17,15,1,2,2,,4,,,2

2325,3,1/20/17,17,1,3,3,3,5,3,3,3

2326,3,1/20/17,17,1,3,3,3,5,3,3,3

2327,3,1/20/17,15,2,2,3,3,5,2,2,3

2328,3,1/20/17,15,2,3,4,3,5,3,3,4

2329,3,1/20/17,15,2,3,4,3,5,2,2,4

2301,3,1/23/17,16,2,3,2,,5,,,2

2302,3,1/23/17,17,2,3,4,3,5,3,3,4

2303,3,1/23/17,17,2,2,3,3,5,2,2,3

2304,3,1/23/17,16,2,3,4,3,5,3,3,3

2305,3,1/23/17,12,2,3,4,3,5,3,3,4

2306,3,1/23/17,15,2,3,3,3,5,2,2,3

2307,3,1/23/17,17,2,,,,,,,

2308,3,1/23/17,17,2,2,3,3,5,2,3,3

2309,3,1/23/17,15,1,3,4,3,5,3,3,4

2310,3,1/23/17,15,1,3,3,3,4,2,3,3

2311,3,1/23/17,16,1,2,2,3,4,2,3,2

2312,3,1/23/17,15,1,3,3,3,4,2,3,3

2313,3,1/23/17,15,1,2,3,3,5,2,3,3

2314,3,1/23/17,17,1,2,2,3,4,2,3,2

2325,3,1/23/17,17,1,3,3,3,5,2,3,3

2316,3,1/23/17,16,1,,,,,,,

2317,3,1/23/17,17,2,2,3,3,5,2,3,3

2318,3,1/23/17,15,2,3,4,3,5,3,3,4

2319,3,1/23/17,15,2,3,4,3,5,3,3,3

2320,3,1/23/17,15,2,3,3,3,5,3,2,3

2321,3,1/23/17,15,2,2,3,3,5,2,2,3

2322,3,1/23/17,15,2,2,3,3,5,2,2,2

2323,3,1/23/17,15,1,4,4,3,5,2,3,3

2324,3,1/23/17,15,1,2,3,3,5,2,3,2

2325,3,1/23/17,17,1,3,3,3,5,2,3,3

2326,3,1/23/17,17,1,3,3,3,5,2,3,3

2327,3,1/23/17,15,2,,,,,,,

2328,3,1/23/17,15,2,3,4,3,5,3,3,4

2329,3,1/23/17,15,2,4,4,3,5,3,3,4

2301,3,1/24/17,16,2,3,2,3,5,2,4,2

2302,3,1/24/17,17,2,3,4,3,5,3,1,3

2303,3,1/24/17,17,2,2,3,3,4,2,2,2

2304,3,1/24/17,16,2,2,3,3,5,2,1,3

2305,3,1/24/17,12,2,3,4,3,5,3,2,3

2306,3,1/24/17,15,2,,1,,,,,

2307,3,1/24/17,17,2,2,2,3,4,2,,3

2308,3,1/24/17,17,2,2,3,3,5,2,1,3

2309,3,1/24/17,15,1,3,4,3,4,3,4,4

2310,3,1/24/17,15,1,,,,,,,

2311,3,1/24/17,16,1,2,3,3,4,2,2,2

2312,3,1/24/17,15,1,3,4,3,4,3,2,3

2313,3,1/24/17,15,1,3,3,3,5,2,2,2

2314,3,1/24/17,17,1,2,3,3,4,2,2,2

2325,3,1/24/17,17,1,3,3,3,5,2,2,3

2316,3,1/24/17,16,1,3,2,3,2,3,2,3

2317,3,1/24/17,17,2,2,3,4,5,2,2,3

2318,3,1/24/17,15,2,3,4,3,4,3,4,4

2319,3,1/24/17,15,2,3,3,3,5,2,4,3

2320,3,1/24/17,15,2,2,3,3,4,2,2,3

2321,3,1/24/17,15,2,2,3,3,4,2,2,3

2322,3,1/24/17,15,2,2,3,3,5,2,1,3

2323,3,1/24/17,15,1,4,4,3,5,3,2,4

2324,3,1/24/17,15,1,3,2,3,4,2,2,3

2325,3,1/24/17,17,1,4,4,3,5,2,3,3

2326,3,1/24/17,17,1,4,4,3,5,3,3,3

2327,3,1/24/17,15,2,2,3,3,5,2,2,3

2328,3,1/24/17,15,2,3,4,3,5,3,4,4

2329,3,1/24/17,15,2,4,4,3,5,2,4,4

2301,3,1/25/17,16,2,4,4,3,4,3,3,3

2302,3,1/25/17,17,2,4,4,3,4,3,3,3

2303,3,1/25/17,17,2,2,3,3,4,2,3,2

2304,3,1/25/17,16,2,3,3,3,5,3,3,3

2305,3,1/25/17,12,2,4,4,3,5,3,3,3

2306,3,1/25/17,15,2,3,3,3,3,2,2,2

2307,3,1/25/17,17,2,3,3,3,4,2,2,5

2308,3,1/25/17,17,2,3,4,3,5,3,2,3

2309,3,1/25/17,15,1,4,4,3,4,3,3,2

2310,3,1/25/17,15,1,,,,,,,

2311,3,1/25/17,16,1,,,,,,,

2312,3,1/25/17,15,1,3,4,3,4,2,3,3

2313,3,1/25/17,15,1,3,3,3,5,2,3,3

2314,3,1/25/17,17,1,2,3,3,4,2,2,2

2325,3,1/25/17,17,1,4,3,3,5,2,3,3

2316,3,1/25/17,16,1,2,2,3,3,2,2,3

2317,3,1/25/17,17,2,3,3,3,5,2,3,3

2318,3,1/25/17,15,2,3,3,3,5,3,3,4

2319,3,1/25/17,15,2,2,3,3,5,3,3,3

2320,3,1/25/17,15,2,4,3,3,3,3,3,3

2321,3,1/25/17,15,2,3,3,3,3,2,3,3

2322,3,1/25/17,15,2,3,3,3,5,2,3,2

2323,3,1/25/17,15,1,4,4,2,5,2,2,4

2324,3,1/25/17,15,1,2,2,3,4,2,2,2

2325,3,1/25/17,17,1,4,4,3,5,3,3,3

2326,3,1/25/17,17,1,4,4,3,5,3,3,4

2327,3,1/25/17,15,2,,,,,,,

2328,3,1/25/17,15,2,4,3,3,2,3,3,3

2329,3,1/25/17,15,2,4,4,3,5,3,3,4

2301,3,1/27/17,16,2,4,4,3,6,3,4,3

2302,3,1/27/17,17,2,4,4,3,5,3,2,3

2303,3,1/27/17,17,2,2,3,3,5,2,1,2

2304,3,1/27/17,16,2,4,4,3,5,3,2,3

2305,3,1/27/17,12,2,3,2,,5,,,2

2306,3,1/27/17,15,2,2,2,,3,,,2

2307,3,1/27/17,17,2,4,3,3,4,3,2,3

2308,3,1/27/17,17,2,3,4,3,5,3,2,2

2309,3,1/27/17,15,1,4,4,3,5,3,4,2

2310,3,1/27/17,15,1,3,3,3,4,2,3,3

2311,3,1/27/17,16,1,2,3,3,4,2,2,2

2312,3,1/27/17,15,1,3,3,3,4,2,2,2

2313,3,1/27/17,15,1,3,3,3,5,2,2,3

2314,3,1/27/17,17,1,2,3,3,4,2,,2

2325,3,1/27/17,17,1,3,3,3,5,2,3,2

2316,3,1/27/17,16,1,,,,,,,

2317,3,1/27/17,17,2,3,3,3,4,2,2,2

2318,3,1/27/17,15,2,4,4,3,5,3,2,4

2319,3,1/27/17,15,2,3,3,3,5,2,2,2

2320,3,1/27/17,15,2,4,3,3,4,3,2,2

2321,3,1/27/17,15,2,3,3,3,4,2,2,2

2322,3,1/27/17,15,2,2,3,4,5,2,1,2

2323,3,1/27/17,15,1,4,4,2,5,2,3,4

2324,3,1/27/17,15,1,,,,,,,

2325,3,1/27/17,17,1,4,4,3,5,2,3,2

2326,3,1/27/17,17,1,4,4,3,,3,3,4

2327,3,1/27/17,15,2,3,3,3,5,2,2,2

2328,3,1/27/17,15,2,4,4,3,4,3,2,3

2329,3,1/27/17,15,2,4,4,3,5,2,1,3

2301,3,1/30/17,16,2,,,,,,,

2302,3,1/30/17,17,2,4,3,3,5,3,2,3

2303,3,1/30/17,17,2,,,,,,,

2304,3,1/30/17,16,2,4,4,3,5,3,2,2

2305,3,1/30/17,12,2,4,4,3,5,3,2,3

2306,3,1/30/17,15,2,2,3,3,5,2,2,3

2307,3,1/30/17,17,2,4,4,3,5,3,2,3

2308,3,1/30/17,17,2,4,4,3,5,3,2,3

2309,3,1/30/17,15,1,4,3,3,5,2,2,3

2310,3,1/30/17,15,1,,,,,,,

2311,3,1/30/17,16,1,4,4,3,5,2,2,3

2312,3,1/30/17,15,1,2,3,3,4,2,2,2

2313,3,1/30/17,15,1,3,3,3,5,2,2,2

2314,3,1/30/17,17,1,2,3,3,5,2,2,2

2325,3,1/30/17,17,1,3,4,3,5,2,2,3

2316,3,1/30/17,16,1,2,2,2,5,2,2,2

2317,3,1/30/17,17,2,3,3,3,5,3,2,3

2318,3,1/30/17,15,2,4,4,3,5,3,2,4

2319,3,1/30/17,15,2,4,4,2,5,3,2,3

2320,3,1/30/17,15,2,3,2,,5,,,3

2321,3,1/30/17,15,2,2,3,3,4,2,2,3

2322,3,1/30/17,15,2,,,,,,,

2323,3,1/30/17,15,1,4,4,2,5,2,2,4

2324,3,1/30/17,15,1,2,2,3,4,2,2,2

2325,3,1/30/17,17,1,4,3,3,5,2,2,3

2326,3,1/30/17,17,1,4,4,3,5,3,2,3

2327,3,1/30/17,15,2,,,,,,,

2328,3,1/30/17,15,2,4,4,3,5,3,2,3

2329,3,1/30/17,15,2,4,4,3,5,3,2,3

2301,3,1/31/17,16,2,4,4,3,5,3,2,3

2302,3,1/31/17,17,2,4,3,3,5,3,2,3

2303,3,1/31/17,17,2,,,,,,,

2304,3,1/31/17,16,2,4,4,3,5,3,2,3

2305,3,1/31/17,12,2,4,3,3,5,3,2,3

2306,3,1/31/17,15,2,3,3,3,4,2,2,3

2307,3,1/31/17,17,2,4,3,4,4,2,2,5

2308,3,1/31/17,17,2,4,4,3,5,3,2,3

2309,3,1/31/17,15,1,4,4,3,5,3,2,3

2310,3,1/31/17,15,1,4,3,3,4,3,3,2

2311,3,1/31/17,16,1,3,3,3,4,2,2,2

2312,3,1/31/17,15,1,3,3,3,5,3,3,3

2313,3,1/31/17,15,1,3,3,3,5,3,3,2

2314,3,1/31/17,17,1,3,3,3,5,2,2,2

2325,3,1/31/17,17,1,3,3,3,4,3,3,2

2316,3,1/31/17,16,1,2,2,3,3,2,2,3

2317,3,1/31/17,17,2,4,3,3,5,2,2,3

2318,3,1/31/17,15,2,4,3,3,5,3,2,3

2319,3,1/31/17,15,2,4,3,3,4,2,2,3

2320,3,1/31/17,15,2,4,4,4,4,3,2,3

2321,3,1/31/17,15,2,4,2,3,4,3,2,3

2322,3,1/31/17,15,2,,,,,,,

2323,3,1/31/17,15,1,,,,,,,

2324,3,1/31/17,15,1,3,3,4,5,2,3,3

2325,3,1/31/17,17,1,4,4,3,5,3,3,3

2326,3,1/31/17,17,1,4,4,3,5,3,3,4

2327,3,1/31/17,15,2,3,2,3,5,2,2,3

2328,3,1/31/17,15,2,4,4,3,4,3,2,3

2329,3,1/31/17,15,2,4,4,3,5,3,2,4

2301,3,2/1/17,16,2,4,4,3,4,2,2,2

2302,3,2/1/17,17,2,4,4,3,4,3,2,3

2303,3,2/1/17,17,2,,,,,,,

2304,3,2/1/17,16,2,4,3,3,5,3,2,3

2305,3,2/1/17,12,2,4,2,,4,,,2

2306,3,2/1/17,15,2,3,3,3,4,2,,2

2307,3,2/1/17,17,2,4,3,2,4,2,,3

2308,3,2/1/17,17,2,4,4,3,5,3,3,

2309,3,2/1/17,15,1,4,3,3,4,3,2,2

2310,3,2/1/17,15,1,3,3,3,4,3,3,3

2311,3,2/1/17,16,1,3,3,3,4,2,2,2

2312,3,2/1/17,15,1,3,3,3,4,2,3,3

2313,3,2/1/17,15,1,3,3,3,5,3,3,2

2314,3,2/1/17,17,1,2,4,3,5,2,2,

2325,3,2/1/17,17,1,3,3,3,5,2,3,3

2316,3,2/1/17,16,1,,,,,,,

2317,3,2/1/17,17,2,4,4,3,5,2,3,2

2318,3,2/1/17,15,2,4,3,3,4,2,3,3

2319,3,2/1/17,15,2,3,4,3,5,3,2,3

2320,3,2/1/17,15,2,4,4,3,4,3,2,3

2321,3,2/1/17,15,2,3,3,3,4,2,2,3

2322,3,2/1/17,15,2,,,,,,,

2323,3,2/1/17,15,1,3,3,3,5,2,3,3

2324,3,2/1/17,15,1,,,,,,,

2325,3,2/1/17,17,1,3,3,3,5,3,3,3

2326,3,2/1/17,17,1,4,4,3,5,3,3,3

2327,3,2/1/17,15,2,,,,,,,

2328,3,2/1/17,15,2,4,4,3,2,3,3,2

2329,3,2/1/17,15,2,4,4,3,5,4,3,2

2301,3,2/2/17,16,2,4,4,3,5,3,4,3

2302,3,2/2/17,17,2,4,4,3,5,3,3,2

2303,3,2/2/17,17,2,,,,,,,

2304,3,2/2/17,16,2,4,4,3,5,3,3,3

2305,3,2/2/17,12,2,4,3,3,5,2,3,3

2306,3,2/2/17,15,2,4,4,3,4,2,4,3

2307,3,2/2/17,17,2,4,4,3,4,4,3,3

2308,3,2/2/17,17,2,4,4,3,5,3,4,3

2309,3,2/2/17,15,1,4,4,3,5,3,4,3

2310,3,2/2/17,15,1,3,4,3,5,3,3,3

2311,3,2/2/17,16,1,,,,,,,

2312,3,2/2/17,15,1,3,3,3,5,3,2,3

2313,3,2/2/17,15,1,3,4,3,5,2,2,2

2314,3,2/2/17,17,1,,,,,,,

2325,3,2/2/17,17,1,3,4,3,5,3,2,3

2316,3,2/2/17,16,1,2,2,3,2,2,2,2

2317,3,2/2/17,17,2,4,4,3,5,3,2,2

2318,3,2/2/17,15,2,4,4,3,5,3,4,3

2319,3,2/2/17,15,2,4,4,3,5,3,3,3

2320,3,2/2/17,15,2,4,4,3,4,3,4,3

2321,3,2/2/17,15,2,4,4,3,4,3,3,3

2322,3,2/2/17,15,2,,,,,,,

2323,3,2/2/17,15,1,4,4,3,5,2,2,4

2324,3,2/2/17,15,1,3,4,3,5,2,2,2

2325,3,2/2/17,17,1,4,4,3,5,3,3,3

2326,3,2/2/17,17,1,4,4,3,5,3,3,4

2327,3,2/2/17,15,2,4,3,3,5,3,3,2

2328,3,2/2/17,15,2,4,4,3,5,3,3,3

2329,3,2/2/17,15,2,4,4,3,5,3,4,3
